ID,Name,Description,clean_description_tokens
1.0,Sarah,"Sarah is a dedicated student with a passion for Mathematics and Physics. Her interests lie in the realms of Astrophysics and Quantum Mechanics, where she delves into the mysteries of the universe with fervor and curiosity","['sarah', 'dedicated', 'student', 'passion', 'mathematics', 'physic', 'interest', 'lie', 'realm', 'astrophysics', 'quantum', 'mechanic', 'delf', 'mystery', 'universe', 'fervor', 'curiosity']"
2.0,Alex,"Alex is a tech enthusiast studying Computer Science and Data Science. His interests revolve around Artificial Intelligence and Machine Learning, where he explores the cutting-edge technologies shaping the future of computing.","['alex', 'tech', 'enthusiast', 'studying', 'computer', 'science', 'data', 'science', 'interest', 'revolve', 'around', 'artificial', 'intelligence', 'machine', 'learning', 'explores', 'technology', 'shaping', 'future', 'computing']"
3.0,Emily,"Emily is an avid reader and historian, focusing on Literature and History. She finds joy in Creative Writing and delves deep into the narratives of Ancient Civilizations, drawing inspiration from the past for her own creative endeavors.","['emily', 'avid', 'reader', 'historian', 'focusing', 'literature', 'history', 'find', 'joy', 'creative', 'writing', 'delf', 'deep', 'narrative', 'ancient', 'civilization', 'drawing', 'inspiration', 'past', 'creative', 'endeavor']"
4.0,James,"James is a science enthusiast excelling in Biology and Chemistry. His interests in Genetics and Biochemistry drive his research and experiments, as he seeks to unravel the complexities of life at a molecular level.","['james', 'science', 'enthusiast', 'excelling', 'biology', 'chemistry', 'interest', 'genetics', 'biochemistry', 'drive', 'research', 'experiment', 'seek', 'unravel', 'complexity', 'life', 'molecular', 'level']"
5.0,Mia,"Mia is a student of Economics and Political Science, passionate about understanding global dynamics. Her interests in International Relations and Public Policy reflect her commitment to making a positive impact on society through informed decision-making.","['mia', 'student', 'economics', 'political', 'science', 'passionate', 'understanding', 'global', 'dynamic', 'interest', 'international', 'relation', 'public', 'policy', 'reflect', 'commitment', 'making', 'positive', 'impact', 'society', 'informed']"
6.0,Ryan,"Ryan is an aspiring engineer fascinated by Robotics and Renewable Energy. His interests in Autonomous Systems and sustainable technologies drive his innovative projects, aiming to create a more efficient and eco-friendly future.","['ryan', 'aspiring', 'engineer', 'fascinated', 'robotics', 'renewable', 'energy', 'interest', 'autonomous', 'system', 'sustainable', 'technology', 'drive', 'innovative', 'project', 'aiming', 'create', 'efficient', 'future']"
7.0,Sophia,Sophia is a psychology enthusiast exploring the intricacies of human behavior through her studies in Psychology and Sociology. Her interests in Mental Health Studies and Social Justice fuel her advocacy for mental well-being and societal equality.,"['sophia', 'psychology', 'enthusiast', 'exploring', 'intricacy', 'human', 'behavior', 'study', 'psychology', 'sociology', 'interest', 'mental', 'health', 'study', 'social', 'justice', 'fuel', 'advocacy', 'mental', 'societal', 'equality']"
8.0,Lucas,"Lucas is an art aficionado studying Art History and Fine Arts. His interests in Contemporary Art and Sculpture inspire his creative expressions, as he explores the diverse forms and meanings of artistic endeavors.","['lucas', 'art', 'aficionado', 'studying', 'art', 'history', 'fine', 'art', 'interest', 'contemporary', 'art', 'sculpture', 'inspire', 'creative', 'expression', 'explores', 'diverse', 'form', 'meaning', 'artistic', 'endeavor']"
9.0,Ethan ,Ethan is a linguistics and anthropology student passionate about language and culture. His interests in Language Evolution and Cultural Diversity drive his research into the ways societies communicate and evolve over time.,"['ethan', 'linguistics', 'anthropology', 'student', 'passionate', 'language', 'culture', 'interest', 'language', 'evolution', 'cultural', 'diversity', 'drive', 'research', 'way', 'society', 'communicate', 'evolve', 'time']"
10.0,Olivia,"Olivia is a budding environmental scientist specializing in Environmental Science and Geology. Her interests in Climate Change Research and Geological Mapping propel her studies, as she seeks to understand and protect the Earth's natural systems for future generations.","['olivia', 'budding', 'environmental', 'scientist', 'specializing', 'environmental', 'science', 'geology', 'interest', 'climate', 'change', 'research', 'geological', 'mapping', 'propel', 'study', 'seek', 'understand', 'protect', 'earth', 'natural', 'system', 'future', 'generation']"
11.0,Lily,"Lily is a dedicated student focusing on Chemistry and Environmental Science. Her interests lie in Sustainable Chemistry and Climate Change Mitigation, where she seeks to apply her knowledge to address environmental challenges and promote sustainability.","['lily', 'dedicated', 'student', 'focusing', 'chemistry', 'environmental', 'science', 'interest', 'lie', 'sustainable', 'chemistry', 'climate', 'change', 'mitigation', 'seek', 'apply', 'knowledge', 'address', 'environmental', 'challenge', 'promote', 'sustainability']"
12.0,Max,"Max is an aspiring Computer Engineering student with a keen interest in Cybersecurity. His passion for Network Security and Ethical Hacking drives his exploration of secure systems and ethical hacking practices, aiming to contribute to a safer digital world.","['max', 'aspiring', 'computer', 'engineering', 'student', 'keen', 'interest', 'cybersecurity', 'passion', 'network', 'security', 'ethical', 'hacking', 'drive', 'exploration', 'secure', 'system', 'ethical', 'hacking', 'practice', 'aiming', 'contribute', 'safer', 'digital', 'world']"
13.0,Ava,"Ava delves into the world of language and culture through her studies in Linguistics and Translation Studies. With a fascination for Multilingualism and Cross-Cultural Communication, she aims to bridge linguistic gaps and foster understanding across diverse communities.","['ava', 'delf', 'world', 'language', 'culture', 'study', 'linguistics', 'translation', 'study', 'fascination', 'multilingualism', 'communication', 'aim', 'bridge', 'linguistic', 'gap', 'foster', 'understanding', 'across', 'diverse', 'community']"
14.0,Noah,"Noah's academic focus on Economics and Finance reflects his interest in the intricacies of financial markets. Engaged in Stock Market Analysis and Financial Planning, he navigates the complexities of economic trends and financial decision-making with precision.","['noah', 'academic', 'focus', 'economics', 'finance', 'reflects', 'interest', 'intricacy', 'financial', 'market', 'engaged', 'stock', 'market', 'analysis', 'financial', 'planning', 'navigates', 'complexity', 'economic', 'trend', 'financial', 'precision']"
15.0,Zoe,"Zoe immerses herself in Political Science and International Relations, driven by a passion for diplomacy and global governance. Her interests in Diplomacy and Global Affairs fuel her aspirations to contribute to international cooperation and peace-building efforts.","['zoe', 'immerses', 'political', 'science', 'international', 'relation', 'driven', 'passion', 'diplomacy', 'global', 'governance', 'interest', 'diplomacy', 'global', 'affair', 'fuel', 'aspiration', 'contribute', 'international', 'cooperation', 'effort']"
16.0,Leo,"Leo explores the wonders of the universe through his studies in Physics and Astronomy. With a love for Astrophotography and Cosmology, he captures the beauty of celestial objects while unraveling the mysteries of the cosmos through scientific inquiry.","['leo', 'explores', 'wonder', 'universe', 'study', 'physic', 'astronomy', 'love', 'astrophotography', 'cosmology', 'capture', 'beauty', 'celestial', 'object', 'unraveling', 'mystery', 'cosmos', 'scientific', 'inquiry']"
17.0,Harper,"Harper delves into the realms of Psychology and Behavioral Economics, exploring the complexities of human behavior and decision-making processes. With interests in Cognitive Psychology and Behavioral Economics, she seeks to understand how individuals make choices in various contexts.","['harper', 'delf', 'realm', 'psychology', 'behavioral', 'economics', 'exploring', 'complexity', 'human', 'behavior', 'process', 'interest', 'cognitive', 'psychology', 'behavioral', 'economics', 'seek', 'understand', 'individual', 'make', 'choice', 'various', 'context']"
18.0,Mason,Mason's pursuits in Mechanical Engineering and Robotics reflect his fascination with automation and biomechanics. His interests in Automation and Robotics drive his exploration of innovative technologies that enhance efficiency and functionality in mechanical systems.,"['mason', 'pursuit', 'mechanical', 'engineering', 'robotics', 'reflect', 'fascination', 'automation', 'biomechanics', 'interest', 'automation', 'robotics', 'drive', 'exploration', 'innovative', 'technology', 'enhance', 'efficiency', 'functionality', 'mechanical', 'system']"
19.0,Amelia,"Amelia delves into the world of art through her studies in Art History and Fine Arts. With a focus on Contemporary Art Movements and Mixed Media, she expresses her creativity through diverse artistic forms, exploring modern art trends and techniques.","['amelia', 'delf', 'world', 'art', 'study', 'art', 'history', 'fine', 'art', 'focus', 'contemporary', 'art', 'movement', 'mixed', 'medium', 'express', 'creativity', 'diverse', 'artistic', 'form', 'exploring', 'modern', 'art', 'trend', 'technique']"
20.0,Ethan ,"Ethan's academic journey in Biology and Genetics leads him into the realm of genetic engineering and biotechnology. With interests in Genetic Engineering and Biotechnology, he explores cutting-edge advancements in genetic manipulation for various applications in healthcare and beyond.","['ethan', 'academic', 'journey', 'biology', 'genetics', 'lead', 'realm', 'genetic', 'engineering', 'biotechnology', 'interest', 'genetic', 'engineering', 'biotechnology', 'explores', 'advancement', 'genetic', 'manipulation', 'various', 'application', 'healthcare', 'beyond']"
21.0,Sophia,"Sophia is a dedicated student focusing on Sociology and Gender Studies. Her interests lie in Social Justice and Intersectionality, where she explores the complexities of societal structures and advocates for equality across diverse communities.","['sophia', 'dedicated', 'student', 'focusing', 'sociology', 'gender', 'study', 'interest', 'lie', 'social', 'justice', 'intersectionality', 'explores', 'complexity', 'societal', 'structure', 'advocate', 'equality', 'across', 'diverse', 'community']"
22.0,Oliver,Oliver is an aspiring tech enthusiast studying Computer Science and Software Engineering. His interests in App Development and Cybersecurity drive his passion for creating innovative software solutions and ensuring digital security.,"['oliver', 'aspiring', 'tech', 'enthusiast', 'studying', 'computer', 'science', 'software', 'engineering', 'interest', 'app', 'development', 'cybersecurity', 'drive', 'passion', 'creating', 'innovative', 'software', 'solution', 'ensuring', 'digital', 'security']"
23.0,Isabella,"Isabella delves into the world of Environmental Science and Marine Biology. With a focus on Marine Conservation and Oceanography, she is committed to protecting marine ecosystems and studying the intricate dynamics of ocean life.","['isabella', 'delf', 'world', 'environmental', 'science', 'marine', 'biology', 'focus', 'marine', 'conservation', 'oceanography', 'committed', 'protecting', 'marine', 'ecosystem', 'studying', 'intricate', 'dynamic', 'ocean', 'life']"
24.0,William,"William is a history enthusiast exploring the realms of History and Archaeology. His interests in Ancient Civilizations and Historical Preservation drive his research into the past, uncovering the stories and artifacts that shape our understanding of ancient cultures.","['william', 'history', 'enthusiast', 'exploring', 'realm', 'history', 'archaeology', 'interest', 'ancient', 'civilization', 'historical', 'preservation', 'drive', 'research', 'past', 'uncovering', 'story', 'artifact', 'shape', 'understanding', 'ancient', 'culture']"
25.0,Grace,"Grace focuses on Public Health and Epidemiology, with a passion for Disease Prevention and Global Health initiatives. Her dedication to promoting health and well-being drives her research into preventing diseases and improving healthcare systems worldwide.","['grace', 'focus', 'public', 'health', 'epidemiology', 'passion', 'disease', 'prevention', 'global', 'health', 'initiative', 'dedication', 'promoting', 'health', 'drive', 'research', 'preventing', 'disease', 'improving', 'healthcare', 'system', 'worldwide']"
26.0,Benjamin,Benjamin's academic pursuits in Mechanical Engineering and Aerospace Engineering reflect his fascination with Space Exploration and Aerodynamics. His interests in pushing the boundaries of aerospace technology drive his exploration of innovative engineering solutions for space travel.,"['benjamin', 'academic', 'pursuit', 'mechanical', 'engineering', 'aerospace', 'engineering', 'reflect', 'fascination', 'space', 'exploration', 'aerodynamics', 'interest', 'pushing', 'boundary', 'aerospace', 'technology', 'drive', 'exploration', 'innovative', 'engineering', 'solution', 'space', 'travel']"
27.0,Gia,"Gia delves into Political Science and Human Rights, with a focus on International Law and Advocacy. Her passion for promoting human rights and advocating for justice on a global scale fuels her commitment to understanding legal frameworks and advocating for marginalized communities.","['gia', 'delf', 'political', 'science', 'human', 'right', 'focus', 'international', 'law', 'advocacy', 'passion', 'promoting', 'human', 'right', 'advocating', 'justice', 'global', 'scale', 'fuel', 'commitment', 'understanding', 'legal', 'framework', 'advocating', 'marginalized', 'community']"
28.0,Henry,"Henry's academic focus on Finance and Investment Banking reflects his interest in Financial Markets and Risk Management. Engaged in analyzing market trends and managing financial risks, he navigates the complexities of the financial world with strategic acumen.","['henry', 'academic', 'focus', 'finance', 'investment', 'banking', 'reflects', 'interest', 'financial', 'market', 'risk', 'management', 'engaged', 'analyzing', 'market', 'trend', 'managing', 'financial', 'risk', 'navigates', 'complexity', 'financial', 'world', 'strategic', 'acumen']"
29.0,Charlotte,"Charlotte immerses herself in the world of Literature and Creative Writing, with a passion for Poetry and Fiction Writing. Her creative expressions through words and storytelling reflect her love for literary arts and the power of imagination.","['charlotte', 'immerses', 'world', 'literature', 'creative', 'writing', 'passion', 'poetry', 'fiction', 'writing', 'creative', 'expression', 'word', 'storytelling', 'reflect', 'love', 'literary', 'art', 'power', 'imagination']"
30.0,Lucas,"Lucas is an art enthusiast studying Fine Arts and Sculpture. His interests in Contemporary Art and Installation Art inspire his creative endeavors, as he explores innovative art forms and expressions that challenge traditional boundaries.","['lucas', 'art', 'enthusiast', 'studying', 'fine', 'art', 'sculpture', 'interest', 'contemporary', 'art', 'installation', 'art', 'inspire', 'creative', 'endeavor', 'explores', 'innovative', 'art', 'form', 'expression', 'challenge', 'traditional', 'boundary']"
